"year","northshore_ag_for_fish_min","northshore_art_ent_rec_acc_food","northshore_construction","northshore_ed_services","northshore_fin_insur_real_est","northshore_health_social_assist","northshore_information","northshore_manufacturing","northshore_other_services","northshore_prof_services","northshore_gov","northshore_retail_trade","northshore_transp_warehouse_util","northshore_wholesale_trade","northshore_total","waianae_ag_for_fish_min","waianae_art_ent_rec_acc_food","waianae_construction","waianae_ed_services","waianae_fin_insur_real_est","waianae_health_social_assist","waianae_information","waianae_manufacturing","waianae_other_services","waianae_prof_services","waianae_gov","waianae_retail_trade","waianae_transp_warehouse_util","waianae_wholesale_trade","waianae_total","centraloahu_ag_for_fish_min","centraloahu_art_ent_rec_acc_food","centraloahu_construction","centraloahu_ed_services","centraloahu_fin_insur_real_est","centraloahu_health_social_assist","centraloahu_information","centraloahu_manufacturing","centraloahu_other_services","centraloahu_prof_services","centraloahu_gov","centraloahu_retail_trade","centraloahu_transp_warehouse_util","centraloahu_wholesale_trade","centraloahu_total","ewa_ag_for_fish_min","ewa_art_ent_rec_acc_food","ewa_construction","ewa_ed_services","ewa_fin_insur_real_est","ewa_health_social_assist","ewa_information","ewa_manufacturing","ewa_other_services","ewa_prof_services","ewa_gov","ewa_retail_trade","ewa_transp_warehouse_util","ewa_wholesale_trade","ewa_total","puc_ag_for_fish_min","puc_art_ent_rec_acc_food","puc_construction","puc_ed_services","puc_fin_insur_real_est","puc_health_social_assist","puc_information","puc_manufacturing","puc_other_services","puc_prof_services","puc_gov","puc_retail_trade","puc_transp_warehouse_util","puc_wholesale_trade","puc_total","easthonolulu_ag_for_fish_min","easthonolulu_art_ent_rec_acc_food","easthonolulu_construction","easthonolulu_ed_services","easthonolulu_fin_insur_real_est","easthonolulu_health_social_assist","easthonolulu_information","easthonolulu_manufacturing","easthonolulu_other_services","easthonolulu_prof_services","easthonolulu_gov","easthonolulu_retail_trade","easthonolulu_transp_warehouse_util","easthonolulu_wholesale_trade","easthonolulu_total","koolauloa_ag_for_fish_min","koolauloa_art_ent_rec_acc_food","koolauloa_construction","koolauloa_ed_services","koolauloa_fin_insur_real_est","koolauloa_health_social_assist","koolauloa_information","koolauloa_manufacturing","koolauloa_other_services","koolauloa_prof_services","koolauloa_gov","koolauloa_retail_trade","koolauloa_transp_warehouse_util","koolauloa_wholesale_trade","koolauloa_total","koolaupoko_ag_for_fish_min","koolaupoko_art_ent_rec_acc_food","koolaupoko_construction","koolaupoko_ed_services","koolaupoko_fin_insur_real_est","koolaupoko_health_social_assist","koolaupoko_information","koolaupoko_manufacturing","koolaupoko_other_services","koolaupoko_prof_services","koolaupoko_gov","koolaupoko_retail_trade","koolaupoko_transp_warehouse_util","koolaupoko_wholesale_trade","koolaupoko_total","glo_ag_for_fish_min","glo_art_ent_rec_acc_food","glo_construction","glo_ed_services","glo_fin_insur_real_est","glo_health_social_assist","glo_information","glo_manufacturing","glo_other_services","glo_prof_services","glo_gov","glo_retail_trade","glo_transp_warehouse_util","glo_wholesale_trade","glo_total","mer_ag_for_fish_min","mer_art_ent_rec_acc_food","mer_construction","mer_ed_services","mer_fin_insur_real_est","mer_health_social_assist","mer_information","mer_manufacturing","mer_other_services","mer_prof_services","mer_gov","mer_retail_trade","mer_transp_warehouse_util","mer_wholesale_trade","mer_total","mont_ag_for_fish_min","mont_art_ent_rec_acc_food","mont_construction","mont_ed_services","mont_fin_insur_real_est","mont_health_social_assist","mont_information","mont_manufacturing","mont_other_services","mont_prof_services","mont_gov","mont_retail_trade","mont_transp_warehouse_util","mont_wholesale_trade","mont_total","phil_ag_for_fish_min","phil_art_ent_rec_acc_food","phil_construction","phil_ed_services","phil_fin_insur_real_est","phil_health_social_assist","phil_information","phil_manufacturing","phil_other_services","phil_prof_services","phil_gov","phil_retail_trade","phil_transp_warehouse_util","phil_wholesale_trade","phil_total"
2001,0.005,0.070,0.048,0.045,0.094,0.122,0.024,0.086,0.051,0.150,0.120,0.107,0.028,0.043,0.006,0.066,0.047,0.035,0.087,0.104,0.021,0.077,0.047,0.143,0.163,0.120,0.021,0.049,0.008,0.065,0.061,0.028,0.104,0.114,0.027,0.109,0.051,0.166,0.075,0.116,0.027,0.048,0.008,0.074,0.074,0.020,0.075,0.107,0.022,0.121,0.056,0.145,0.075,0.141,0.024,0.056,0.007,0.065,0.046,0.011,0.116,0.095,0.018,0.092,0.046,0.126,0.143,0.133,0.000,0.058,0.002,0.069,0.051,0.022,0.075,0.130,0.017,0.078,0.052,0.153,0.145,0.118,0.037,0.050,0.025,0.062,0.057,0.019,0.121,0.091,0.023,0.110,0.058,0.173,0.081,0.106,0.029,0.045,0.001,0.068,0.058,0.055,0.087,0.146,0.025,0.078,0.057,0.136,0.097,0.112,0.040,0.038,0.020,0.075,0.070,0.009,0.056,0.091,0.014,0.101,0.047,0.104,0.148,0.160,0.032,0.074,0.002,0.059,0.033,0.082,0.087,0.091,0.033,0.050,0.043,0.168,0.209,0.093,0.020,0.030,0.003,0.060,0.058,0.025,0.120,0.114,0.033,0.117,0.043,0.186,0.063,0.108,0.022,0.049,0.000,0.086,0.024,0.089,0.083,0.160,0.022,0.053,0.053,0.129,0.158,0.077,0.039,0.028
2002,0.005,0.072,0.047,0.047,0.096,0.125,0.023,0.079,0.053,0.152,0.122,0.106,0.031,0.042,0.006,0.067,0.047,0.037,0.092,0.107,0.021,0.069,0.049,0.144,0.164,0.119,0.032,0.047,0.008,0.069,0.060,0.029,0.106,0.116,0.024,0.101,0.054,0.167,0.077,0.116,0.027,0.046,0.007,0.078,0.071,0.021,0.079,0.109,0.020,0.110,0.059,0.152,0.077,0.138,0.024,0.054,0.007,0.067,0.046,0.011,0.118,0.100,0.016,0.087,0.047,0.131,0.147,0.129,0.037,0.054,0.002,0.070,0.051,0.025,0.076,0.135,0.017,0.074,0.053,0.151,0.145,0.116,0.036,0.049,0.024,0.066,0.055,0.021,0.123,0.094,0.022,0.103,0.059,0.165,0.085,0.110,0.028,0.045,0.002,0.073,0.058,0.057,0.088,0.144,0.021,0.070,0.061,0.142,0.100,0.110,0.039,0.037,0.019,0.076,0.069,0.009,0.059,0.091,0.012,0.087,0.051,0.111,0.152,0.161,0.030,0.071,0.002,0.060,0.033,0.087,0.097,0.093,0.032,0.039,0.044,0.164,0.207,0.091,0.023,0.027,0.003,0.065,0.056,0.025,0.121,0.117,0.028,0.109,0.045,0.188,0.064,0.109,0.022,0.047,0.000,0.082,0.022,0.092,0.083,0.161,0.022,0.050,0.055,0.132,0.160,0.073,0.039,0.028
2003,0.005,0.073,0.048,0.048,0.098,0.125,0.022,0.074,0.053,0.153,0.122,0.106,0.032,0.042,0.005,0.069,0.048,0.038,0.094,0.107,0.019,0.065,0.049,0.144,0.163,0.119,0.032,0.047,0.007,0.071,0.062,0.030,0.108,0.116,0.022,0.094,0.054,0.168,0.079,0.116,0.027,0.046,0.007,0.081,0.075,0.022,0.082,0.110,0.019,0.102,0.058,0.152,0.077,0.138,0.024,0.052,0.006,0.066,0.046,0.010,0.126,0.100,0.015,0.080,0.047,0.134,0.147,0.131,0.039,0.052,0.002,0.071,0.054,0.026,0.078,0.132,0.016,0.071,0.054,0.153,0.144,0.111,0.037,0.050,0.023,0.066,0.057,0.022,0.126,0.096,0.021,0.092,0.058,0.164,0.086,0.114,0.027,0.047,0.001,0.074,0.063,0.055,0.090,0.141,0.019,0.066,0.061,0.141,0.103,0.109,0.039,0.038,0.014,0.082,0.069,0.010,0.060,0.093,0.011,0.082,0.051,0.116,0.149,0.159,0.030,0.071,0.002,0.065,0.034,0.091,0.096,0.094,0.029,0.036,0.045,0.159,0.204,0.095,0.023,0.027,0.003,0.067,0.057,0.026,0.122,0.117,0.026,0.103,0.046,0.192,0.065,0.108,0.023,0.045,0.000,0.080,0.022,0.094,0.084,0.165,0.023,0.046,0.055,0.131,0.160,0.073,0.039,0.027
2004,0.005,0.074,0.050,0.047,0.100,0.126,0.020,0.071,0.053,0.156,0.121,0.106,0.031,0.041,0.005,0.071,0.050,0.035,0.096,0.106,0.019,0.063,0.048,0.151,0.161,0.117,0.032,0.045,0.007,0.071,0.063,0.030,0.110,0.116,0.021,0.089,0.054,0.171,0.078,0.115,0.027,0.047,0.006,0.079,0.078,0.022,0.084,0.113,0.020,0.099,0.058,0.150,0.075,0.136,0.026,0.052,0.006,0.068,0.048,0.011,0.127,0.097,0.015,0.078,0.048,0.139,0.146,0.128,0.038,0.049,0.002,0.071,0.055,0.026,0.081,0.132,0.020,0.066,0.050,0.158,0.143,0.110,0.035,0.050,0.023,0.066,0.059,0.023,0.127,0.095,0.019,0.085,0.057,0.172,0.085,0.115,0.026,0.048,0.001,0.077,0.061,0.053,0.093,0.144,0.018,0.064,0.062,0.143,0.100,0.106,0.040,0.036,0.013,0.083,0.073,0.011,0.065,0.087,0.011,0.083,0.052,0.114,0.149,0.154,0.030,0.071,0.002,0.067,0.035,0.080,0.096,0.097,0.027,0.036,0.046,0.174,0.200,0.094,0.023,0.024,0.003,0.065,0.057,0.027,0.124,0.114,0.025,0.097,0.047,0.196,0.065,0.108,0.023,0.049,0.000,0.083,0.023,0.097,0.083,0.171,0.020,0.044,0.054,0.132,0.158,0.072,0.037,0.026
2005,0.005,0.075,0.051,0.048,0.102,0.127,0.020,0.069,0.053,0.155,0.118,0.105,0.031,0.041,0.005,0.071,0.051,0.033,0.097,0.107,0.019,0.063,0.048,0.150,0.159,0.117,0.032,0.045,0.007,0.071,0.064,0.032,0.113,0.116,0.022,0.085,0.054,0.171,0.077,0.115,0.027,0.046,0.006,0.078,0.080,0.023,0.088,0.115,0.021,0.096,0.058,0.150,0.074,0.135,0.024,0.053,0.005,0.068,0.049,0.012,0.126,0.096,0.016,0.077,0.046,0.142,0.145,0.126,0.041,0.048,0.002,0.071,0.055,0.026,0.085,0.134,0.019,0.068,0.050,0.153,0.141,0.112,0.035,0.048,0.023,0.067,0.059,0.026,0.129,0.093,0.019,0.080,0.056,0.177,0.083,0.113,0.029,0.047,0.001,0.076,0.061,0.057,0.095,0.150,0.015,0.065,0.063,0.138,0.098,0.106,0.041,0.035,0.016,0.085,0.078,0.011,0.066,0.090,0.011,0.079,0.051,0.116,0.147,0.153,0.025,0.071,0.003,0.068,0.036,0.074,0.097,0.100,0.026,0.035,0.048,0.172,0.198,0.095,0.023,0.025,0.002,0.066,0.059,0.029,0.127,0.113,0.026,0.091,0.047,0.196,0.065,0.108,0.023,0.047,0.000,0.086,0.025,0.099,0.085,0.172,0.019,0.042,0.055,0.129,0.153,0.071,0.037,0.027
2006,0.005,0.075,0.052,0.048,0.104,0.128,0.020,0.067,0.052,0.157,0.116,0.104,0.031,0.041,0.005,0.071,0.052,0.033,0.100,0.107,0.019,0.063,0.049,0.154,0.155,0.117,0.032,0.044,0.007,0.071,0.065,0.032,0.116,0.117,0.021,0.083,0.053,0.173,0.076,0.112,0.027,0.047,0.006,0.079,0.082,0.023,0.089,0.115,0.022,0.093,0.056,0.151,0.074,0.132,0.024,0.054,0.005,0.068,0.049,0.012,0.126,0.095,0.015,0.075,0.046,0.145,0.143,0.125,0.044,0.049,0.001,0.073,0.056,0.027,0.087,0.133,0.020,0.066,0.050,0.156,0.137,0.114,0.035,0.046,0.024,0.067,0.060,0.027,0.133,0.094,0.017,0.078,0.056,0.180,0.081,0.111,0.027,0.047,0.001,0.075,0.062,0.057,0.101,0.149,0.015,0.066,0.062,0.136,0.097,0.104,0.039,0.035,0.015,0.085,0.078,0.012,0.069,0.087,0.011,0.081,0.052,0.115,0.148,0.150,0.026,0.072,0.003,0.067,0.036,0.072,0.101,0.101,0.025,0.038,0.049,0.180,0.190,0.094,0.021,0.024,0.002,0.066,0.058,0.030,0.129,0.114,0.026,0.087,0.047,0.199,0.065,0.106,0.023,0.048,0.000,0.088,0.025,0.100,0.085,0.178,0.019,0.040,0.054,0.131,0.148,0.070,0.037,0.025
2007,0.005,0.075,0.050,0.048,0.107,0.130,0.020,0.064,0.052,0.160,0.113,0.102,0.025,0.040,0.004,0.071,0.050,0.033,0.102,0.109,0.019,0.061,0.049,0.147,0.153,0.115,0.014,0.043,0.007,0.071,0.063,0.032,0.119,0.117,0.022,0.077,0.053,0.180,0.075,0.110,0.026,0.046,0.006,0.080,0.079,0.023,0.094,0.117,0.023,0.090,0.056,0.155,0.073,0.129,0.023,0.053,0.005,0.068,0.047,0.012,0.126,0.099,0.015,0.072,0.046,0.150,0.142,0.121,0.000,0.050,0.001,0.074,0.054,0.025,0.091,0.136,0.021,0.063,0.051,0.156,0.135,0.112,0.034,0.045,0.023,0.068,0.058,0.026,0.138,0.094,0.019,0.071,0.056,0.189,0.080,0.107,0.025,0.047,0.002,0.078,0.062,0.057,0.106,0.151,0.015,0.058,0.061,0.142,0.095,0.102,0.038,0.035,0.014,0.086,0.072,0.013,0.073,0.088,0.011,0.081,0.052,0.054,0.148,0.150,0.029,0.067,0.002,0.065,0.036,0.071,0.106,0.103,0.025,0.037,0.049,0.181,0.186,0.093,0.000,0.023,0.002,0.065,0.058,0.029,0.130,0.113,0.027,0.083,0.046,0.208,0.064,0.105,0.022,0.048,0.000,0.089,0.025,0.100,0.086,0.183,0.019,0.038,0.054,0.133,0.143,0.069,0.037,0.024
2008,0.004,0.076,0.049,0.049,0.109,0.133,0.020,0.063,0.052,0.163,0.112,0.100,0.030,0.040,0.004,0.073,0.049,0.034,0.103,0.112,0.019,0.060,0.049,0.157,0.153,0.112,0.032,0.043,0.007,0.072,0.061,0.033,0.123,0.118,0.022,0.076,0.053,0.181,0.075,0.108,0.026,0.046,0.006,0.082,0.076,0.023,0.099,0.122,0.022,0.088,0.056,0.151,0.075,0.125,0.023,0.053,0.004,0.068,0.046,0.012,0.127,0.102,0.014,0.071,0.046,0.153,0.144,0.118,0.040,0.051,0.001,0.078,0.052,0.025,0.090,0.141,0.020,0.063,0.050,0.157,0.135,0.109,0.034,0.044,0.022,0.068,0.055,0.027,0.142,0.094,0.019,0.071,0.056,0.193,0.080,0.103,0.026,0.045,0.000,0.078,0.058,0.059,0.109,0.152,0.014,0.058,0.060,0.142,0.095,0.100,0.039,0.035,0.013,0.084,0.071,0.013,0.076,0.090,0.011,0.079,0.051,0.116,0.151,0.150,0.029,0.066,0.001,0.067,0.035,0.074,0.107,0.104,0.026,0.037,0.049,0.182,0.182,0.088,0.022,0.023,0.002,0.066,0.056,0.029,0.133,0.114,0.027,0.081,0.046,0.208,0.064,0.104,0.022,0.048,0.000,0.088,0.025,0.102,0.086,0.187,0.018,0.037,0.053,0.133,0.140,0.069,0.037,0.023
2009,0.005,0.077,0.044,0.051,0.112,0.138,0.019,0.059,0.052,0.160,0.115,0.098,0.030,0.039,0.005,0.074,0.044,0.035,0.106,0.117,0.018,0.055,0.049,0.157,0.156,0.109,0.030,0.043,0.007,0.072,0.055,0.035,0.128,0.123,0.021,0.073,0.053,0.179,0.077,0.106,0.025,0.045,0.005,0.084,0.070,0.025,0.104,0.127,0.021,0.082,0.056,0.152,0.077,0.123,0.023,0.051,0.007,0.070,0.042,0.013,0.131,0.104,0.014,0.065,0.045,0.160,0.146,0.114,0.037,0.053,0.002,0.082,0.047,0.026,0.091,0.150,0.018,0.058,0.050,0.152,0.141,0.107,0.034,0.042,0.023,0.069,0.049,0.029,0.146,0.098,0.018,0.069,0.056,0.193,0.082,0.100,0.025,0.044,0.002,0.078,0.054,0.062,0.113,0.153,0.013,0.059,0.060,0.141,0.098,0.098,0.036,0.034,0.013,0.083,0.064,0.013,0.082,0.098,0.011,0.072,0.051,0.116,0.155,0.151,0.027,0.065,0.003,0.066,0.034,0.077,0.109,0.109,0.027,0.034,0.050,0.181,0.182,0.086,0.022,0.022,0.002,0.066,0.050,0.031,0.139,0.120,0.025,0.077,0.046,0.205,0.066,0.103,0.022,0.047,0.000,0.088,0.023,0.105,0.087,0.192,0.018,0.035,0.053,0.126,0.143,0.069,0.038,0.022
2010,0.005,0.078,0.043,0.052,0.112,0.140,0.019,0.057,0.052,0.161,0.115,0.098,0.030,0.038,0.005,0.075,0.043,0.035,0.106,0.121,0.018,0.053,0.048,0.157,0.154,0.110,0.032,0.043,0.007,0.074,0.053,0.036,0.129,0.125,0.020,0.071,0.053,0.179,0.078,0.106,0.025,0.045,0.006,0.086,0.066,0.026,0.105,0.129,0.020,0.081,0.056,0.153,0.077,0.122,0.022,0.051,0.007,0.072,0.042,0.013,0.131,0.108,0.014,0.062,0.045,0.158,0.146,0.112,0.037,0.053,0.001,0.082,0.044,0.027,0.089,0.153,0.017,0.055,0.050,0.155,0.141,0.108,0.036,0.041,0.024,0.068,0.049,0.030,0.145,0.100,0.017,0.067,0.055,0.194,0.082,0.099,0.025,0.045,0.001,0.080,0.053,0.062,0.114,0.154,0.012,0.057,0.060,0.144,0.099,0.096,0.035,0.031,0.014,0.085,0.065,0.013,0.083,0.101,0.011,0.063,0.052,0.114,0.152,0.156,0.028,0.063,0.003,0.066,0.032,0.077,0.111,0.112,0.025,0.037,0.049,0.179,0.175,0.086,0.024,0.024,0.003,0.067,0.048,0.032,0.141,0.122,0.024,0.075,0.047,0.203,0.066,0.104,0.022,0.047,0.000,0.089,0.022,0.103,0.084,0.194,0.018,0.033,0.054,0.130,0.143,0.069,0.036,0.021
2011,0.005,0.079,0.042,0.051,0.116,0.141,0.018,0.056,0.053,0.162,0.110,0.097,0.030,0.039,0.004,0.075,0.042,0.035,0.111,0.123,0.016,0.052,0.050,0.160,0.147,0.110,0.032,0.043,0.007,0.075,0.053,0.035,0.133,0.124,0.019,0.070,0.053,0.180,0.075,0.104,0.025,0.045,0.005,0.088,0.065,0.026,0.108,0.129,0.019,0.082,0.056,0.152,0.074,0.122,0.022,0.050,0.005,0.072,0.041,0.014,0.136,0.108,0.014,0.062,0.046,0.157,0.142,0.111,0.036,0.054,0.001,0.082,0.043,0.024,0.092,0.157,0.015,0.056,0.052,0.162,0.134,0.110,0.036,0.036,0.024,0.069,0.048,0.028,0.149,0.100,0.019,0.066,0.056,0.193,0.080,0.098,0.025,0.046,0.001,0.083,0.052,0.061,0.117,0.153,0.012,0.057,0.060,0.149,0.093,0.094,0.035,0.032,0.014,0.086,0.064,0.012,0.085,0.104,0.011,0.060,0.053,0.112,0.147,0.158,0.028,0.067,0.002,0.065,0.031,0.078,0.118,0.113,0.023,0.035,0.049,0.184,0.164,0.086,0.025,0.027,0.002,0.068,0.048,0.031,0.147,0.121,0.023,0.072,0.047,0.203,0.063,0.102,0.022,0.048,0.000,0.092,0.023,0.104,0.085,0.195,0.017,0.031,0.056,0.131,0.137,0.069,0.037,0.022
2012,0.005,0.081,0.043,0.052,0.114,0.143,0.018,0.046,0.053,0.164,0.107,0.097,0.030,0.038,0.005,0.076,0.042,0.036,0.111,0.125,0.017,0.051,0.049,0.161,0.144,0.109,0.032,0.042,0.008,0.077,0.053,0.035,0.131,0.126,0.019,0.051,0.054,0.182,0.073,0.104,0.025,0.045,0.005,0.090,0.066,0.027,0.105,0.134,0.019,0.000,0.057,0.146,0.073,0.123,0.024,0.049,0.005,0.072,0.042,0.013,0.137,0.112,0.014,0.060,0.045,0.162,0.139,0.111,0.035,0.051,0.002,0.084,0.043,0.025,0.090,0.160,0.014,0.055,0.052,0.160,0.134,0.110,0.036,0.035,0.028,0.070,0.048,0.028,0.144,0.102,0.019,0.063,0.056,0.194,0.078,0.098,0.026,0.046,0.002,0.084,0.051,0.060,0.119,0.154,0.012,0.055,0.061,0.154,0.091,0.092,0.033,0.031,0.015,0.089,0.064,0.013,0.083,0.106,0.010,0.058,0.053,0.108,0.144,0.156,0.032,0.070,0.001,0.064,0.031,0.079,0.118,0.115,0.025,0.035,0.049,0.188,0.158,0.084,0.026,0.027,0.003,0.070,0.049,0.031,0.143,0.122,0.022,0.071,0.048,0.208,0.061,0.102,0.021,0.048,0.000,0.095,0.023,0.104,0.084,0.195,0.017,0.030,0.057,0.132,0.132,0.070,0.039,0.022
2013,0.005,0.081,0.043,0.051,0.114,0.143,0.017,0.053,0.053,0.164,0.107,0.097,0.030,0.038,0.004,0.076,0.043,0.036,0.112,0.127,0.016,0.050,0.049,0.159,0.142,0.109,0.032,0.042,0.008,0.077,0.053,0.036,0.131,0.127,0.019,0.068,0.054,0.183,0.072,0.104,0.025,0.044,0.006,0.090,0.068,0.027,0.106,0.134,0.018,0.081,0.057,0.148,0.071,0.121,0.024,0.048,0.005,0.073,0.045,0.014,0.140,0.117,0.013,0.060,0.046,0.151,0.137,0.111,0.036,0.050,0.001,0.082,0.044,0.025,0.090,0.161,0.014,0.054,0.051,0.166,0.133,0.108,0.035,0.035,0.027,0.070,0.048,0.026,0.145,0.103,0.019,0.062,0.055,0.196,0.080,0.097,0.025,0.047,0.001,0.084,0.052,0.063,0.120,0.151,0.012,0.053,0.060,0.154,0.089,0.093,0.034,0.032,0.014,0.090,0.065,0.014,0.083,0.107,0.010,0.055,0.053,0.103,0.146,0.153,0.033,0.067,0.003,0.066,0.031,0.079,0.120,0.115,0.024,0.034,0.048,0.188,0.154,0.084,0.026,0.028,0.003,0.070,0.048,0.033,0.142,0.124,0.022,0.070,0.048,0.209,0.061,0.102,0.021,0.047,0.000,0.096,0.024,0.099,0.084,0.194,0.017,0.028,0.057,0.134,0.135,0.070,0.038,0.021
2014,0.005,0.083,0.044,0.052,0.113,0.144,0.017,0.053,0.054,0.166,0.104,0.096,0.031,0.039,0.005,0.078,0.043,0.036,0.107,0.128,0.016,0.049,0.050,0.164,0.140,0.108,0.033,0.043,0.008,0.078,0.054,0.036,0.130,0.128,0.017,0.067,0.055,0.182,0.071,0.103,0.026,0.046,0.005,0.091,0.069,0.026,0.105,0.137,0.017,0.080,0.058,0.149,0.068,0.119,0.025,0.051,0.005,0.075,0.043,0.015,0.129,0.121,0.016,0.057,0.047,0.159,0.135,0.111,0.033,0.053,0.001,0.085,0.044,0.025,0.087,0.160,0.013,0.053,0.051,0.170,0.129,0.106,0.037,0.037,0.026,0.071,0.049,0.027,0.143,0.104,0.018,0.063,0.056,0.195,0.079,0.095,0.025,0.048,0.001,0.085,0.052,0.067,0.121,0.148,0.012,0.051,0.062,0.148,0.089,0.093,0.037,0.033,0.017,0.091,0.062,0.014,0.081,0.104,0.010,0.057,0.053,0.110,0.149,0.153,0.031,0.067,0.002,0.069,0.031,0.080,0.117,0.115,0.021,0.035,0.049,0.191,0.150,0.083,0.029,0.028,0.003,0.071,0.048,0.033,0.141,0.127,0.020,0.070,0.049,0.211,0.058,0.102,0.021,0.047,0.000,0.098,0.025,0.099,0.085,0.193,0.016,0.028,0.058,0.135,0.130,0.071,0.039,0.022
2015,0.005,0.082,0.044,0.052,0.113,0.145,0.016,0.052,0.054,0.164,0.102,0.096,0.034,0.038,0.005,0.078,0.043,0.036,0.108,0.127,0.016,0.049,0.050,0.157,0.136,0.109,0.037,0.043,0.008,0.077,0.054,0.037,0.130,0.130,0.017,0.066,0.055,0.183,0.069,0.102,0.028,0.044,0.005,0.090,0.070,0.026,0.105,0.141,0.017,0.077,0.058,0.150,0.066,0.118,0.027,0.049,0.005,0.074,0.043,0.015,0.129,0.123,0.016,0.056,0.047,0.166,0.130,0.112,0.032,0.051,0.001,0.086,0.046,0.024,0.088,0.164,0.013,0.054,0.052,0.160,0.126,0.108,0.041,0.036,0.027,0.071,0.049,0.027,0.141,0.108,0.018,0.062,0.056,0.194,0.078,0.095,0.026,0.047,0.001,0.084,0.053,0.066,0.121,0.149,0.012,0.050,0.062,0.148,0.088,0.094,0.041,0.030,0.018,0.087,0.061,0.014,0.079,0.104,0.009,0.058,0.054,0.061,0.147,0.154,0.033,0.066,0.003,0.069,0.031,0.080,0.120,0.106,0.021,0.031,0.049,0.191,0.146,0.085,0.040,0.029,0.003,0.071,0.049,0.033,0.143,0.127,0.019,0.069,0.048,0.212,0.057,0.101,0.022,0.046,0.000,0.097,0.025,0.100,0.086,0.193,0.016,0.027,0.057,0.135,0.127,0.069,0.045,0.021
2016,0.005,0.083,0.045,0.052,0.114,0.145,0.016,0.051,0.053,0.167,0.099,0.094,0.039,0.035,0.005,0.079,0.044,0.036,0.108,0.127,0.015,0.049,0.049,0.164,0.132,0.107,0.043,0.041,0.008,0.078,0.055,0.037,0.131,0.132,0.017,0.064,0.054,0.184,0.067,0.100,0.030,0.040,0.006,0.090,0.072,0.026,0.106,0.145,0.016,0.077,0.058,0.146,0.065,0.117,0.031,0.045,0.006,0.076,0.043,0.015,0.134,0.124,0.015,0.056,0.046,0.161,0.126,0.107,0.041,0.050,0.002,0.086,0.047,0.024,0.088,0.164,0.012,0.056,0.051,0.167,0.121,0.106,0.043,0.033,0.029,0.072,0.049,0.028,0.141,0.112,0.018,0.060,0.055,0.199,0.075,0.093,0.027,0.041,0.001,0.085,0.054,0.065,0.122,0.149,0.012,0.049,0.061,0.148,0.085,0.093,0.046,0.028,0.014,0.089,0.062,0.014,0.081,0.104,0.009,0.059,0.053,0.104,0.143,0.154,0.041,0.064,0.002,0.070,0.031,0.079,0.117,0.106,0.020,0.033,0.048,0.195,0.144,0.084,0.044,0.027,0.003,0.071,0.049,0.034,0.145,0.128,0.019,0.067,0.047,0.215,0.056,0.099,0.024,0.043,0.000,0.098,0.025,0.101,0.086,0.192,0.016,0.025,0.056,0.137,0.124,0.066,0.054,0.020
2017,0.005,0.085,0.044,0.052,0.114,0.147,0.016,0.050,0.052,0.164,0.098,0.092,0.042,0.035,0.005,0.080,0.043,0.035,0.108,0.128,0.015,0.050,0.049,0.154,0.131,0.105,0.047,0.041,0.008,0.080,0.055,0.037,0.132,0.134,0.017,0.064,0.053,0.183,0.067,0.099,0.032,0.040,0.005,0.091,0.071,0.026,0.106,0.150,0.016,0.077,0.057,0.145,0.064,0.114,0.032,0.045,0.005,0.075,0.043,0.015,0.134,0.124,0.014,0.056,0.044,0.162,0.125,0.105,0.046,0.050,0.002,0.088,0.047,0.023,0.086,0.167,0.012,0.056,0.052,0.162,0.120,0.106,0.046,0.033,0.027,0.074,0.050,0.028,0.144,0.113,0.019,0.058,0.054,0.198,0.076,0.091,0.028,0.040,0.001,0.086,0.055,0.066,0.124,0.148,0.012,0.046,0.060,0.150,0.084,0.092,0.050,0.027,0.013,0.094,0.060,0.014,0.082,0.106,0.009,0.059,0.052,0.053,0.140,0.148,0.048,0.062,0.003,0.070,0.030,0.078,0.118,0.105,0.021,0.032,0.048,0.192,0.143,0.082,0.049,0.028,0.002,0.073,0.049,0.034,0.145,0.130,0.018,0.069,0.047,0.212,0.055,0.097,0.026,0.043,0.000,0.100,0.025,0.101,0.085,0.194,0.015,0.024,0.055,0.138,0.121,0.065,0.057,0.019
2018,0.004,0.085,0.044,0.052,0.116,0.148,0.016,0.049,0.053,0.163,0.097,0.090,0.044,0.034,0.004,0.081,0.044,0.035,0.109,0.127,0.014,0.050,0.050,0.152,0.130,0.103,0.050,0.040,0.007,0.080,0.055,0.036,0.135,0.135,0.018,0.063,0.054,0.182,0.066,0.096,0.034,0.039,0.005,0.093,0.069,0.025,0.108,0.154,0.015,0.076,0.058,0.145,0.063,0.110,0.034,0.045,0.005,0.080,0.044,0.015,0.136,0.123,0.014,0.059,0.046,0.148,0.125,0.105,0.049,0.050,0.001,0.088,0.047,0.020,0.087,0.168,0.012,0.057,0.055,0.161,0.118,0.105,0.048,0.033,0.024,0.075,0.050,0.028,0.150,0.111,0.021,0.055,0.055,0.198,0.074,0.091,0.029,0.038,0.001,0.086,0.054,0.063,0.128,0.150,0.012,0.046,0.061,0.149,0.081,0.089,0.053,0.027,0.010,0.094,0.060,0.014,0.083,0.106,0.012,0.057,0.052,0.054,0.138,0.144,0.056,0.063,0.002,0.070,0.032,0.078,0.119,0.104,0.018,0.032,0.049,0.199,0.140,0.079,0.051,0.027,0.002,0.073,0.050,0.033,0.147,0.131,0.020,0.067,0.048,0.211,0.055,0.095,0.027,0.042,0.000,0.099,0.025,0.101,0.086,0.196,0.015,0.023,0.055,0.138,0.120,0.063,0.057,0.019
2019,0.004,0.085,0.044,0.052,0.112,0.151,0.016,0.050,0.053,0.165,0.097,0.087,0.048,0.034,0.004,0.081,0.043,0.035,0.106,0.128,0.013,0.053,0.051,0.159,0.129,0.100,0.057,0.039,0.007,0.081,0.055,0.037,0.131,0.139,0.018,0.063,0.054,0.181,0.066,0.093,0.036,0.039,0.005,0.093,0.069,0.026,0.103,0.160,0.015,0.076,0.058,0.142,0.065,0.107,0.036,0.046,0.005,0.082,0.044,0.016,0.128,0.126,0.014,0.061,0.047,0.144,0.127,0.102,0.055,0.049,0.001,0.087,0.047,0.022,0.088,0.167,0.011,0.056,0.056,0.158,0.118,0.103,0.053,0.033,0.023,0.076,0.050,0.029,0.147,0.114,0.021,0.054,0.056,0.198,0.075,0.089,0.029,0.038,0.001,0.086,0.053,0.063,0.121,0.154,0.012,0.046,0.061,0.148,0.081,0.087,0.058,0.028,0.015,0.094,0.058,0.014,0.078,0.108,0.012,0.058,0.052,0.101,0.136,0.138,0.076,0.059,0.002,0.068,0.031,0.076,0.117,0.104,0.017,0.039,0.049,0.204,0.139,0.075,0.054,0.026,0.002,0.074,0.050,0.034,0.142,0.134,0.021,0.069,0.048,0.210,0.055,0.091,0.029,0.042,0.000,0.099,0.024,0.100,0.084,0.198,0.015,0.022,0.055,0.141,0.119,0.061,0.063,0.018
2020,0.004,0.067,0.045,0.052,0.125,0.152,0.017,0.050,0.050,0.164,0.099,0.085,0.053,0.034,0.003,0.066,0.045,0.035,0.118,0.126,0.014,0.052,0.047,0.153,0.130,0.098,0.066,0.038,0.006,0.066,0.056,0.036,0.146,0.139,0.018,0.063,0.050,0.182,0.067,0.090,0.040,0.040,0.005,0.079,0.071,0.026,0.118,0.157,0.014,0.075,0.055,0.144,0.065,0.105,0.041,0.046,0.005,0.065,0.045,0.014,0.140,0.123,0.014,0.062,0.043,0.145,0.127,0.102,0.068,0.046,0.001,0.073,0.049,0.021,0.103,0.169,0.011,0.055,0.051,0.157,0.119,0.104,0.057,0.031,0.022,0.062,0.051,0.027,0.161,0.112,0.025,0.054,0.051,0.197,0.077,0.088,0.034,0.039,0.000,0.071,0.055,0.064,0.137,0.155,0.010,0.046,0.056,0.148,0.081,0.086,0.061,0.029,0.008,0.078,0.060,0.012,0.088,0.105,0.013,0.058,0.048,0.054,0.134,0.134,0.094,0.057,0.001,0.053,0.034,0.078,0.128,0.102,0.017,0.038,0.045,0.207,0.139,0.072,0.060,0.026,0.002,0.059,0.051,0.033,0.158,0.136,0.021,0.070,0.044,0.211,0.055,0.086,0.033,0.041,0.000,0.072,0.025,0.102,0.093,0.203,0.020,0.021,0.052,0.142,0.126,0.061,0.064,0.017
2021,0.004,0.072,0.038,0.049,0.128,0.148,0.017,0.048,0.050,0.169,0.094,0.087,0.055,0.033,0.004,0.070,0.043,0.033,0.121,0.125,0.014,0.050,0.046,0.164,0.123,0.101,0.069,0.037,0.007,0.070,0.055,0.035,0.149,0.135,0.019,0.060,0.050,0.185,0.063,0.090,0.041,0.039,0.005,0.084,0.070,0.026,0.124,0.149,0.015,0.074,0.056,0.143,0.063,0.106,0.042,0.045,0.005,0.068,0.043,0.015,0.140,0.119,0.013,0.059,0.042,0.154,0.120,0.105,0.072,0.042,0.001,0.079,0.048,0.021,0.107,0.167,0.009,0.052,0.052,0.155,0.113,0.106,0.058,0.031,0.024,0.065,0.050,0.028,0.166,0.106,0.027,0.051,0.051,0.199,0.073,0.088,0.036,0.037,0.001,0.076,0.054,0.060,0.140,0.153,0.011,0.044,0.059,0.149,0.076,0.087,0.061,0.028,0.009,0.082,0.056,0.011,0.090,0.105,0.015,0.054,0.048,0.105,0.128,0.142,0.096,0.055,0.002,0.056,0.033,0.072,0.131,0.101,0.018,0.037,0.044,0.212,0.134,0.071,0.061,0.028,0.002,0.062,0.051,0.033,0.158,0.135,0.021,0.066,0.043,0.217,0.052,0.085,0.034,0.041,0.000,0.079,0.000,0.095,0.096,0.200,0.017,0.022,0.054,0.146,0.119,0.063,0.066,0.018
2022,0.004,0.077,0.044,0.049,0.132,0.147,0.017,0.047,0.050,0.169,0.089,0.084,0.056,0.033,0.004,0.073,0.043,0.033,0.123,0.124,0.014,0.050,0.046,0.163,0.118,0.098,0.074,0.037,0.006,0.073,0.055,0.035,0.155,0.134,0.020,0.059,0.050,0.184,0.061,0.088,0.042,0.038,0.005,0.085,0.068,0.026,0.130,0.149,0.015,0.073,0.055,0.142,0.061,0.103,0.043,0.044,0.006,0.072,0.042,0.015,0.142,0.118,0.013,0.058,0.042,0.155,0.115,0.102,0.077,0.041,0.002,0.082,0.047,0.022,0.110,0.166,0.010,0.053,0.051,0.155,0.108,0.103,0.060,0.031,0.022,0.068,0.051,0.029,0.173,0.101,0.028,0.050,0.051,0.199,0.069,0.086,0.036,0.036,0.000,0.079,0.055,0.060,0.144,0.153,0.012,0.041,0.058,0.147,0.074,0.085,0.062,0.028,0.008,0.083,0.055,0.011,0.093,0.105,0.015,0.055,0.047,0.097,0.122,0.134,0.112,0.056,0.002,0.060,0.033,0.070,0.134,0.099,0.019,0.036,0.044,0.213,0.128,0.070,0.064,0.028,0.002,0.066,0.049,0.032,0.163,0.133,0.022,0.064,0.044,0.215,0.051,0.082,0.035,0.041,0.000,0.089,0.025,0.095,0.099,0.197,0.017,0.022,0.054,0.147,0.111,0.061,0.062,0.018
